N° Layout;Código chapa ERP;Descrição da chapa;Família da chapa;Espessura chapa e peça;Comprimento chapa;Largura Chapa;m² da chapa;Quantidade de chapa;m³ total plano;Carregamentos;Quantidade por corte;Aproveitamento;Ocupação Máquina;m² total;Custo R$/m²;Tempo corte;Máquina;Deposito;Cortes N1;Cortes N2;Cortes N3;% peça no plano;Código peça ERP;Descrição da peça;Comprimento da peça;Largura da peça;m² líquido peça; Quantidade programada;m² líquido total peça;m³ líquido total peça;m² bruto peça;Quantidade produzida;Peças superprodução;m² superprodução;Data embalagem;Referência do item;Lote;Lógica Ardis;Código chapa ERP;Nível;Prioridade;Comprimento peça final;Largura peça final;% produzido;Nome arquivo data;Tipo dado;Usuário;Data processamento;Hora processamento;Unidade;Descrição Peça 2
1;2011000012021;AGLOM 12MM (2750x1850);AGLOM 12MM;12;2750;1850;5.0875;60;3.66;6;10;93.74;100;305.25;11.3794;  0:55;SC09;MATERIAIS_FB_NORMAL;11000;10782;0;;;;;;;;;;;;;;;;;;;;;;;;01072022_095252_G20070515Z.1 - 500_FV_data;DATA_LAYOUT;alexandre;01/07/2022;  9:52;Fábrica Vermelha;
1;2011000012021;AGLOM 12MM (2750x1850);AGLOM 12MM;12;2750;1850;5.0875;60;3.66;6;10;93.74;100;305.25;11.3794;  0:55;SC09;MATERIAIS_FB_NORMAL;11000;10782;0;45.4773;242007005Z19;LATERAL ESQ BAL;645;807;0.520515;250;130.12875;1.561545;138.820219113;250;0;0;21/12/21;G20070515Z*.1;1011337;DUPLA1Y;2011000012014;0;0;645;401;*****;01072022_095252_G20070515Z.1 - 500_FV_data;DATA_PEÇA;alexandre;01/07/2022;  9:52;Fábrica Vermelha;LATERAL ESQ BALCAO G20070
1;2011000012021;AGLOM 12MM (2750x1850);AGLOM 12MM;12;2750;1850;5.0875;60;3.66;6;10;93.74;100;305.25;11.3794;  0:55;SC09;MATERIAIS_FB_NORMAL;11000;10782;0;20.01001;242007005Z16;LATERAL DIR BAL;645;807;0.520515;110;57.25665;0.6870798;61.08089641;250;0;0;21/12/21;G20070515Z*.1;1011337;DUPLA1Y;2011000012014;0;0;645;401;44 %;01072022_095252_G20070515Z.1 - 500_FV_data;DATA_PEÇA;alexandre;01/07/2022;  9:52;Fábrica Vermelha;LATERAL DIR BALCAO G20070
1;2011000012021;AGLOM 12MM (2750x1850);AGLOM 12MM;12;2750;1850;5.0875;60;3.66;6;10;93.74;100;305.25;11.3794;  0:55;SC09;MATERIAIS_FB_NORMAL;11000;10782;0;5.68044;242007005Z23;MONTANTE BALCAO;645;105;0.067725;240;16.254;0.195048;17.339625882;250;0;0;21/12/21;G20070515Z*.2;1011336;CORTE1Y;2011000012014;0;0;645;50;96 %;01072022_095252_G20070515Z.1 - 500_FV_data;DATA_PEÇA;alexandre;01/07/2022;  9:52;Fábrica Vermelha;MONTANTE BALCAO G20070
1;2011000012021;AGLOM 12MM (2750x1850);AGLOM 12MM;12;2750;1850;5.0875;60;3.66;6;10;93.74;100;305.25;11.3794;  0:55;SC09;MATERIAIS_FB_NORMAL;11000;10782;0;5.8684;242007005Z18;LATERAL ESQ AER;552;507;0.279864;60;16.79184;0.20150208;17.913388918;250;0;0;21/12/21;G20070515Z*.1;1011337;ESQUADRA1Y;2011000012014;0;0;552;251;24 %;01072022_095252_G20070515Z.1 - 500_FV_data;DATA_PEÇA;alexandre;01/07/2022;  9:52;Fábrica Vermelha;LATERAL ESQ AEREO G20070
1;2011000012021;AGLOM 12MM (2750x1850);AGLOM 12MM;12;2750;1850;5.0875;60;3.66;6;10;93.74;100;305.25;11.3794;  0:55;SC09;MATERIAIS_FB_NORMAL;11000;10782;0;22.9633;242007005Z11;DIVISORIA AEREO;540;507;0.27378;240;65.7072;0.7884864;70.095869678;250;0;0;21/12/21;G20070515Z*.2;1011336;ESQUADRA1Y;2011000012014;0;0;540;251;96 %;01072022_095252_G20070515Z.1 - 500_FV_data;DATA_PEÇA;alexandre;01/07/2022;  9:52;Fábrica Vermelha;DIVISORIA AEREO G20070
2;2011000012021;AGLOM 12MM (2750x1850);AGLOM 12MM;12;2750;1850;5.0875;5;0.31;1;10;90.78;50;25.4375;11.3794;  0:08;SC09;MATERIAIS_FB_NORMAL;11000;9999;0;;;;;;;;;;;;;;;;;;;;;;;;01072022_095252_G20070515Z.1 - 500_FV_data;DATA_LAYOUT;alexandre;01/07/2022;  9:52;Fábrica Vermelha;
2;2011000012021;AGLOM 12MM (2750x1850);AGLOM 12MM;12;2750;1850;5.0875;5;0.31;1;10;90.78;50;25.4375;11.3794;  0:08;SC09;MATERIAIS_FB_NORMAL;11000;9999;0;67.62863;242007005Z16;LATERAL DIR BAL;645;807;0.520515;30;15.61545;0.1873854;17.201862384;250;0;0;21/12/21;G20070515Z*.1;1011337;DUPLA1Y;2011000012014;0;0;645;401;56 %;01072022_095252_G20070515Z.1 - 500_FV_data;DATA_PEÇA;alexandre;01/07/2022;  9:52;Fábrica Vermelha;LATERAL DIR BALCAO G20070
2;2011000012021;AGLOM 12MM (2750x1850);AGLOM 12MM;12;2750;1850;5.0875;5;0.31;1;10;90.78;50;25.4375;11.3794;  0:08;SC09;MATERIAIS_FB_NORMAL;11000;9999;0;2.93309;242007005Z23;MONTANTE BALCAO;645;105;0.067725;10;0.67725;0.008127;0.746053511;250;0;0;21/12/21;G20070515Z*.2;1011336;CORTE1Y;2011000012014;0;0;645;50;*****;01072022_095252_G20070515Z.1 - 500_FV_data;DATA_PEÇA;alexandre;01/07/2022;  9:52;Fábrica Vermelha;MONTANTE BALCAO G20070
2;2011000012021;AGLOM 12MM (2750x1850);AGLOM 12MM;12;2750;1850;5.0875;5;0.31;1;10;90.78;50;25.4375;11.3794;  0:08;SC09;MATERIAIS_FB_NORMAL;11000;9999;0;29.44508;242007005Z15;LATERAL DIR AER;447;507;0.226629;30;6.79887;0.08158644;7.489584105;250;0;0;21/12/21;G20070515Z*.1;1011337;ESQUADRA1Y;2011000012014;0;0;447;251;12 %;01072022_095252_G20070515Z.1 - 500_FV_data;DATA_PEÇA;alexandre;01/07/2022;  9:52;Fábrica Vermelha;LATERAL DIR AEREO G20070
3;2011000012014;AGLOM 12MM (2750x2200);AGLOM 12MM;12;2750;2200;6.05;38;2.76;4;10;91.96;95;229.9;11.3794;  0:37;SC09;MATERIAIS_FB_NORMAL;11000;11382;0;;;;;;;;;;;;;;;;;;;;;;;;01072022_095252_G20070515Z.1 - 500_FV_data;DATA_LAYOUT;alexandre;01/07/2022;  9:52;Fábrica Vermelha;
3;2011000012014;AGLOM 12MM (2750x2200);AGLOM 12MM;12;2750;2200;6.05;38;2.76;4;10;91.96;95;229.9;11.3794;  0:37;SC09;MATERIAIS_FB_NORMAL;11000;11382;0;27.08323;242007005Z16;LATERAL DIR BAL;645;807;0.520515;110;57.25665;0.6870798;62.264126602;250;0;0;21/12/21;G20070515Z*.1;1011337;DUPLA1Y;2011000012014;0;0;645;401;*****;01072022_095252_G20070515Z.1 - 500_FV_data;DATA_PEÇA;alexandre;01/07/2022;  9:52;Fábrica Vermelha;LATERAL DIR BALCAO G20070
3;2011000012014;AGLOM 12MM (2750x2200);AGLOM 12MM;12;2750;2200;6.05;38;2.76;4;10;91.96;95;229.9;11.3794;  0:37;SC09;MATERIAIS_FB_NORMAL;11000;11382;0;47.76496;242007005Z12;DIVISORIA BALCA;645;807;0.520515;194;100.97991;1.21175892;109.811277825;250;0;0;21/12/21;G20070515Z*.1;1011337;DUPLA1Y;2011000012014;0;0;645;401;77.6 %;01072022_095252_G20070515Z.1 - 500_FV_data;DATA_PEÇA;alexandre;01/07/2022;  9:52;Fábrica Vermelha;DIVISORIA BALCAO G20070
3;2011000012014;AGLOM 12MM (2750x2200);AGLOM 12MM;12;2750;2200;6.05;38;2.76;4;10;91.96;95;229.9;11.3794;  0:37;SC09;MATERIAIS_FB_NORMAL;11000;11382;0;25.15215;242007005Z18;LATERAL ESQ AER;552;507;0.279864;190;53.17416;0.63808992;57.824595574;250;0;0;21/12/21;G20070515Z*.1;1011337;ESQUADRA1Y;2011000012014;0;0;552;251;*****;01072022_095252_G20070515Z.1 - 500_FV_data;DATA_PEÇA;alexandre;01/07/2022;  9:52;Fábrica Vermelha;LATERAL ESQ AEREO G20070
4;2011000012014;AGLOM 12MM (2750x2200);AGLOM 12MM;12;2750;2200;6.05;2;0.15;1;10;91.45;20;12.1;11.3794;  0:07;SC09;MATERIAIS_FB_NORMAL;11000;11310;0;;;;;;;;;;;;;;;;;;;;;;;;01072022_095252_G20070515Z.1 - 500_FV_data;DATA_LAYOUT;alexandre;01/07/2022;  9:52;Fábrica Vermelha;
4;2011000012014;AGLOM 12MM (2750x2200);AGLOM 12MM;12;2750;2200;6.05;2;0.15;1;10;91.45;20;12.1;11.3794;  0:07;SC09;MATERIAIS_FB_NORMAL;11000;11310;0;75.23252;242007005Z12;DIVISORIA BALCA;645;807;0.520515;16;8.32824;0.09993888;9.106392531;250;0;0;21/12/21;G20070515Z*.1;1011337;DUPLA1Y;2011000012014;0;0;645;401;84 %;01072022_095252_G20070515Z.1 - 500_FV_data;DATA_PEÇA;alexandre;01/07/2022;  9:52;Fábrica Vermelha;DIVISORIA BALCAO G20070
4;2011000012014;AGLOM 12MM (2750x2200);AGLOM 12MM;12;2750;2200;6.05;2;0.15;1;10;91.45;20;12.1;11.3794;  0:07;SC09;MATERIAIS_FB_NORMAL;11000;11310;0;24.73171;242007005Z11;DIVISORIA AEREO;540;507;0.27378;10;2.7378;0.0328536;2.993607469;250;0;0;21/12/21;G20070515Z*.2;1011336;ESQUADRA1Y;2011000012014;0;0;540;251;*****;01072022_095252_G20070515Z.1 - 500_FV_data;DATA_PEÇA;alexandre;01/07/2022;  9:52;Fábrica Vermelha;DIVISORIA AEREO G20070
5;2011000012014;AGLOM 12MM (2750x2200);AGLOM 12MM;12;2750;2200;6.05;5;0.36;1;10;91.3;50;30.25;11.3794;  0:08;SC09;MATERIAIS_FB_NORMAL;11000;11619;0;;;;;;;;;;;;;;;;;;;;;;;;01072022_095252_G20070515Z.1 - 500_FV_data;DATA_LAYOUT;alexandre;01/07/2022;  9:52;Fábrica Vermelha;
5;2011000012014;AGLOM 12MM (2750x2200);AGLOM 12MM;12;2750;2200;6.05;5;0.36;1;10;91.3;50;30.25;11.3794;  0:08;SC09;MATERIAIS_FB_NORMAL;11000;11619;0;75.38233;242007005Z12;DIVISORIA BALCA;645;807;0.520515;40;20.8206;0.2498472;22.8035929;250;0;0;21/12/21;G20070515Z*.1;1011337;DUPLA1Y;2011000012014;0;0;645;401;*****;01072022_095252_G20070515Z.1 - 500_FV_data;DATA_PEÇA;alexandre;01/07/2022;  9:52;Fábrica Vermelha;DIVISORIA BALCAO G20070
5;2011000012014;AGLOM 12MM (2750x2200);AGLOM 12MM;12;2750;2200;6.05;5;0.36;1;10;91.3;50;30.25;11.3794;  0:08;SC09;MATERIAIS_FB_NORMAL;11000;11619;0;24.61575;242007005Z15;LATERAL DIR AER;447;507;0.226629;30;6.79887;0.08158644;7.4464071;250;0;0;21/12/21;G20070515Z*.1;1011337;ESQUADRA1Y;2011000012014;0;0;447;251;24 %;01072022_095252_G20070515Z.1 - 500_FV_data;DATA_PEÇA;alexandre;01/07/2022;  9:52;Fábrica Vermelha;LATERAL DIR AEREO G20070
6;2011000012021;AGLOM 12MM (2750x1850);AGLOM 12MM;12;2750;1850;5.0875;30;1.83;3;10;92.07;100;152.625;11.3794;  0:30;SC09;MATERIAIS_FB_NORMAL;11000;9542;0;;;;;;;;;;;;;;;;;;;;;;;;01072022_095252_G20070515Z.1 - 500_FV_data;DATA_LAYOUT;alexandre;01/07/2022;  9:52;Fábrica Vermelha;
6;2011000012021;AGLOM 12MM (2750x1850);AGLOM 12MM;12;2750;1850;5.0875;30;1.83;3;10;92.07;100;152.625;11.3794;  0:30;SC09;MATERIAIS_FB_NORMAL;11000;9542;0;75.80564;242007005Z29;PRATELEIRA MOVE;686;647;0.443842;240;106.52208;1.27826496;115.701291728;250;0;0;21/12/21;G20070515Z*.2;1011336;DUPLA1Y;2011000012014;0;0;686;321;96 %;01072022_095252_G20070515Z.1 - 500_FV_data;DATA_PEÇA;alexandre;01/07/2022;  9:52;Fábrica Vermelha;PRATELEIRA MOVEL BALCAO G20070
6;2011000012021;AGLOM 12MM (2750x1850);AGLOM 12MM;12;2750;1850;5.0875;30;1.83;3;10;92.07;100;152.625;11.3794;  0:30;SC09;MATERIAIS_FB_NORMAL;11000;9542;0;24.19182;242007005Z15;LATERAL DIR AER;447;507;0.226629;150;33.99435;0.4079322;36.923708272;250;0;0;21/12/21;G20070515Z*.1;1011337;ESQUADRA1Y;2011000012014;0;0;447;251;84 %;01072022_095252_G20070515Z.1 - 500_FV_data;DATA_PEÇA;alexandre;01/07/2022;  9:52;Fábrica Vermelha;LATERAL DIR AEREO G20070
7;2011000012021;AGLOM 12MM (2750x1850);AGLOM 12MM;12;2750;1850;5.0875;10;0.61;1;10;89.35;100;50.875;11.3794;  0:22;SC09;MATERIAIS_FB_NORMAL;11000;11852;5256;;;;;;;;;;;;;;;;;;;;;;;;01072022_095252_G20070515Z.1 - 500_FV_data;DATA_LAYOUT;alexandre;01/07/2022;  9:52;Fábrica Vermelha;
7;2011000012021;AGLOM 12MM (2750x1850);AGLOM 12MM;12;2750;1850;5.0875;10;0.61;1;10;89.35;100;50.875;11.3794;  0:22;SC09;MATERIAIS_FB_NORMAL;11000;11852;5256;9.76335;242007005Z29;PRATELEIRA MOVE;686;647;0.443842;10;4.43842;0.05326104;4.967597265;250;0;0;21/12/21;G20070515Z*.2;1011336;DUPLA1Y;2011000012014;0;0;686;321;*****;01072022_095252_G20070515Z.1 - 500_FV_data;DATA_PEÇA;alexandre;01/07/2022;  9:52;Fábrica Vermelha;PRATELEIRA MOVEL BALCAO G20070
7;2011000012021;AGLOM 12MM (2750x1850);AGLOM 12MM;12;2750;1850;5.0875;10;0.61;1;10;89.35;100;50.875;11.3794;  0:22;SC09;MATERIAIS_FB_NORMAL;11000;11852;5256;61.34254;242007005Z34;TAMPO SUP COLUN;616;503;0.309848;90;27.88632;0.33463584;31.211108227;250;0;0;21/12/21;G20070515Z*.1;1011337;DUPLA1Y;2011000012014;0;0;616;249;36 %;01072022_095252_G20070515Z.1 - 500_FV_data;DATA_PEÇA;alexandre;01/07/2022;  9:52;Fábrica Vermelha;TAMPO SUP COLUNA G20070
7;2011000012021;AGLOM 12MM (2750x1850);AGLOM 12MM;12;2750;1850;5.0875;10;0.61;1;10;89.35;100;50.875;11.3794;  0:22;SC09;MATERIAIS_FB_NORMAL;11000;11852;5256;8.94325;242007005Z28;PRATELEIRA MOVE;616;220;0.13552;30;4.0656;0.0487872;4.550327243;1000;0;0;21/12/21;G20070515Z*.2;1011336;;2011000012014;0;0;616;220;3 %;01072022_095252_G20070515Z.1 - 500_FV_data;DATA_PEÇA;alexandre;01/07/2022;  9:52;Fábrica Vermelha;PRATELEIRA MOVEL
7;2011000012021;AGLOM 12MM (2750x1850);AGLOM 12MM;12;2750;1850;5.0875;10;0.61;1;10;89.35;100;50.875;11.3794;  0:22;SC09;MATERIAIS_FB_NORMAL;11000;11852;5256;19.94096;242007005Z15;LATERAL DIR AER;447;507;0.226629;40;9.06516;0.10878192;10.145967265;250;0;0;21/12/21;G20070515Z*.1;1011337;ESQUADRA1Y;2011000012014;0;0;447;251;*****;01072022_095252_G20070515Z.1 - 500_FV_data;DATA_PEÇA;alexandre;01/07/2022;  9:52;Fábrica Vermelha;LATERAL DIR AEREO G20070
8;2011000012014;AGLOM 12MM (2750x2200);AGLOM 12MM;12;2750;2200;6.05;100;7.26;10;10;89.51;100;605;11.3794;  1:27;SC09;MATERIAIS_FB_NORMAL;11000;19528;0;;;;;;;;;;;;;;;;;;;;;;;;01072022_095252_G20070515Z.1 - 500_FV_data;DATA_LAYOUT;alexandre;01/07/2022;  9:52;Fábrica Vermelha;
8;2011000012014;AGLOM 12MM (2750x2200);AGLOM 12MM;12;2750;2200;6.05;100;7.26;10;10;89.51;100;605;11.3794;  1:27;SC09;MATERIAIS_FB_NORMAL;11000;19528;0;37.85501;242007005Z17;LATERAL DIR COL;1640;250;0.41;500;205;2.46;229.023125196;500;0;0;21/12/21;G20070515Z*.1;1011337;;2011000012014;0;0;1640;250;*****;01072022_095252_G20070515Z.1 - 500_FV_data;DATA_PEÇA;alexandre;01/07/2022;  9:52;Fábrica Vermelha;LATERAL DIR COLUNA G20070
8;2011000012014;AGLOM 12MM (2750x2200);AGLOM 12MM;12;2750;2200;6.05;100;7.26;10;10;89.51;100;605;11.3794;  1:27;SC09;MATERIAIS_FB_NORMAL;11000;19528;0;37.85501;242007005Z20;LATERAL ESQ COL;1640;250;0.41;500;205;2.46;229.023125196;500;0;0;21/12/21;G20070515Z*.1;1011337;;2011000012014;0;0;1640;250;*****;01072022_095252_G20070515Z.1 - 500_FV_data;DATA_PEÇA;alexandre;01/07/2022;  9:52;Fábrica Vermelha;LATERAL ESQ COLUNA G20070
8;2011000012014;AGLOM 12MM (2750x2200);AGLOM 12MM;12;2750;2200;6.05;100;7.26;10;10;89.51;100;605;11.3794;  1:27;SC09;MATERIAIS_FB_NORMAL;11000;19528;0;14.89264;242007005Z30;TAMPO AEREO G20;1626;248;0.403248;200;80.6496;0.9677952;90.100602136;500;0;0;21/12/21;G20070515Z*.1;1011337;;2011000012014;0;0;1626;248;40 %;01072022_095252_G20070515Z.1 - 500_FV_data;DATA_PEÇA;alexandre;01/07/2022;  9:52;Fábrica Vermelha;TAMPO AEREO G20070
8;2011000012014;AGLOM 12MM (2750x2200);AGLOM 12MM;12;2750;2200;6.05;100;7.26;10;10;89.51;100;605;11.3794;  1:27;SC09;MATERIAIS_FB_NORMAL;11000;19528;0;9.3972;242007005Z03;BASE MAIOR AERE;1026;248;0.254448;200;50.8896;0.6106752;56.853147473;500;0;0;21/12/21;G20070515Z*.1;1011337;;2011000012014;0;0;1026;248;40 %;01072022_095252_G20070515Z.1 - 500_FV_data;DATA_PEÇA;alexandre;01/07/2022;  9:52;Fábrica Vermelha;BASE MAIOR AEREO G20070
9;2011000012014;AGLOM 12MM (2750x2200);AGLOM 12MM;12;2750;2200;6.05;50;3.63;5;10;92.43;100;302.5;11.3794;  1:08;SC09;MATERIAIS_FB_NORMAL;22000;9392;0;;;;;;;;;;;;;;;;;;;;;;;;01072022_095252_G20070515Z.1 - 500_FV_data;DATA_LAYOUT;alexandre;01/07/2022;  9:52;Fábrica Vermelha;
9;2011000012014;AGLOM 12MM (2750x2200);AGLOM 12MM;12;2750;2200;6.05;50;3.63;5;10;92.43;100;302.5;11.3794;  1:08;SC09;MATERIAIS_FB_NORMAL;22000;9392;0;43.26541;242007005Z30;TAMPO AEREO G20;1626;248;0.403248;300;120.9744;1.4516928;130.879536377;500;0;0;21/12/21;G20070515Z*.1;1011337;;2011000012014;0;0;1626;248;*****;01072022_095252_G20070515Z.1 - 500_FV_data;DATA_PEÇA;alexandre;01/07/2022;  9:52;Fábrica Vermelha;TAMPO AEREO G20070
9;2011000012014;AGLOM 12MM (2750x2200);AGLOM 12MM;12;2750;2200;6.05;50;3.63;5;10;92.43;100;302.5;11.3794;  1:08;SC09;MATERIAIS_FB_NORMAL;22000;9392;0;27.30031;242007005Z03;BASE MAIOR AERE;1026;248;0.254448;300;76.3344;0.9160128;82.584504503;500;0;0;21/12/21;G20070515Z*.1;1011337;;2011000012014;0;0;1026;248;*****;01072022_095252_G20070515Z.1 - 500_FV_data;DATA_PEÇA;alexandre;01/07/2022;  9:52;Fábrica Vermelha;BASE MAIOR AEREO G20070
9;2011000012014;AGLOM 12MM (2750x2200);AGLOM 12MM;12;2750;2200;6.05;50;3.63;5;10;92.43;100;302.5;11.3794;  1:08;SC09;MATERIAIS_FB_NORMAL;22000;9392;0;17.7303;242007005Z34;TAMPO SUP COLUN;616;503;0.309848;160;49.57568;0.59490816;53.634835254;250;0;0;21/12/21;G20070515Z*.1;1011337;DUPLA1Y;2011000012014;0;0;616;249;*****;01072022_095252_G20070515Z.1 - 500_FV_data;DATA_PEÇA;alexandre;01/07/2022;  9:52;Fábrica Vermelha;TAMPO SUP COLUNA G20070
9;2011000012014;AGLOM 12MM (2750x2200);AGLOM 12MM;12;2750;2200;6.05;50;3.63;5;10;92.43;100;302.5;11.3794;  1:08;SC09;MATERIAIS_FB_NORMAL;22000;9392;0;4.43257;242007005Z32;TAMPO INTERM CO;616;503;0.309848;40;12.39392;0.14872704;13.408708814;250;0;0;21/12/21;G20070515Z*.1;1011337;DUPLA1Y;2011000012014;0;0;616;249;16 %;01072022_095252_G20070515Z.1 - 500_FV_data;DATA_PEÇA;alexandre;01/07/2022;  9:52;Fábrica Vermelha;TAMPO INTERM COL G20070
9;2011000012014;AGLOM 12MM (2750x2200);AGLOM 12MM;12;2750;2200;6.05;50;3.63;5;10;92.43;100;302.5;11.3794;  1:08;SC09;MATERIAIS_FB_NORMAL;22000;9392;0;7.27013;242007005Z28;PRATELEIRA MOVE;616;220;0.13552;150;20.328;0.243936;21.992415052;1000;0;0;21/12/21;G20070515Z*.2;1011336;;2011000012014;0;0;616;220;18 %;01072022_095252_G20070515Z.1 - 500_FV_data;DATA_PEÇA;alexandre;01/07/2022;  9:52;Fábrica Vermelha;PRATELEIRA MOVEL
10;2011000012021;AGLOM 12MM (2750x1850);AGLOM 12MM;12;2750;1850;5.0875;50;3.05;5;10;93.39;100;254.375;11.3794;  0:55;SC09;MATERIAIS_FB_NORMAL;11000;16464;0;;;;;;;;;;;;;;;;;;;;;;;;01072022_095252_G20070515Z.1 - 500_FV_data;DATA_LAYOUT;alexandre;01/07/2022;  9:52;Fábrica Vermelha;
10;2011000012021;AGLOM 12MM (2750x1850);AGLOM 12MM;12;2750;1850;5.0875;50;3.05;5;10;93.39;100;254.375;11.3794;  0:55;SC09;MATERIAIS_FB_NORMAL;11000;16464;0;26.08697;242007005Z32;TAMPO INTERM CO;616;503;0.309848;200;61.9696;0.7436352;66.358565291;250;0;0;21/12/21;G20070515Z*.1;1011337;DUPLA1Y;2011000012014;0;0;616;249;96 %;01072022_095252_G20070515Z.1 - 500_FV_data;DATA_PEÇA;alexandre;01/07/2022;  9:52;Fábrica Vermelha;TAMPO INTERM COL G20070
10;2011000012021;AGLOM 12MM (2750x1850);AGLOM 12MM;12;2750;1850;5.0875;50;3.05;5;10;93.39;100;254.375;11.3794;  0:55;SC09;MATERIAIS_FB_NORMAL;11000;16464;0;42.78678;242007005Z28;PRATELEIRA MOVE;616;220;0.13552;750;101.64;1.21968;108.838601123;1000;0;0;21/12/21;G20070515Z*.2;1011336;;2011000012014;0;0;616;220;93 %;01072022_095252_G20070515Z.1 - 500_FV_data;DATA_PEÇA;alexandre;01/07/2022;  9:52;Fábrica Vermelha;PRATELEIRA MOVEL
10;2011000012021;AGLOM 12MM (2750x1850);AGLOM 12MM;12;2750;1850;5.0875;50;3.05;5;10;93.39;100;254.375;11.3794;  0:55;SC09;MATERIAIS_FB_NORMAL;11000;16464;0;31.1265;242007005Z04;BASE MENOR AERE;588;503;0.295764;250;73.941;0.887292;79.177833586;250;0;0;21/12/21;G20070515Z*.2;1011336;DUPLA1Y;2011000012014;0;0;588;249;*****;01072022_095252_G20070515Z.1 - 500_FV_data;DATA_PEÇA;alexandre;01/07/2022;  9:52;Fábrica Vermelha;BASE MENOR AEREO G20070
11;2011000012021;AGLOM 12MM (2750x1850);AGLOM 12MM;12;2750;1850;5.0875;10;0.61;1;10;88.78;100;50.875;11.3794;  0:18;SC09;MATERIAIS_FB_NORMAL;11000;14290;7388;;;;;;;;;;;;;;;;;;;;;;;;01072022_095252_G20070515Z.1 - 500_FV_data;DATA_LAYOUT;alexandre;01/07/2022;  9:52;Fábrica Vermelha;
11;2011000012021;AGLOM 12MM (2750x1850);AGLOM 12MM;12;2750;1850;5.0875;10;0.61;1;10;88.78;100;50.875;11.3794;  0:18;SC09;MATERIAIS_FB_NORMAL;11000;14290;7388;90.12991;242007005Z33;TAMPO INTERM AE;1026;248;0.254448;160;40.71168;0.48854016;45.858302026;500;0;0;21/12/21;G20070515Z*.1;1011337;;2011000012014;0;0;1026;248;32 %;01072022_095252_G20070515Z.1 - 500_FV_data;DATA_PEÇA;alexandre;01/07/2022;  9:52;Fábrica Vermelha;TAMPO INTERM AEREO G20070
11;2011000012021;AGLOM 12MM (2750x1850);AGLOM 12MM;12;2750;1850;5.0875;10;0.61;1;10;88.78;100;50.875;11.3794;  0:18;SC09;MATERIAIS_FB_NORMAL;11000;14290;7388;6.8596;242007005Z32;TAMPO INTERM CO;616;503;0.309848;10;3.09848;0.03718176;3.490178535;250;0;0;21/12/21;G20070515Z*.1;1011337;DUPLA1Y;2011000012014;0;0;616;249;*****;01072022_095252_G20070515Z.1 - 500_FV_data;DATA_PEÇA;alexandre;01/07/2022;  9:52;Fábrica Vermelha;TAMPO INTERM COL G20070
11;2011000012021;AGLOM 12MM (2750x1850);AGLOM 12MM;12;2750;1850;5.0875;10;0.61;1;10;88.78;100;50.875;11.3794;  0:18;SC09;MATERIAIS_FB_NORMAL;11000;14290;7388;3.00022;242007005Z28;PRATELEIRA MOVE;616;220;0.13552;10;1.3552;0.0162624;1.526519439;1000;0;0;21/12/21;G20070515Z*.2;1011336;;2011000012014;0;0;616;220;94 %;01072022_095252_G20070515Z.1 - 500_FV_data;DATA_PEÇA;alexandre;01/07/2022;  9:52;Fábrica Vermelha;PRATELEIRA MOVEL
12;2011000012021;AGLOM 12MM (2750x1850);AGLOM 12MM;12;2750;1850;5.0875;10;0.61;1;10;86;100;50.875;11.3794;  0:16;SC09;MATERIAIS_FB_NORMAL;13750;14370;2464;;;;;;;;;;;;;;;;;;;;;;;;01072022_095252_G20070515Z.1 - 500_FV_data;DATA_LAYOUT;alexandre;01/07/2022;  9:52;Fábrica Vermelha;
12;2011000012021;AGLOM 12MM (2750x1850);AGLOM 12MM;12;2750;1850;5.0875;10;0.61;1;10;86;100;50.875;11.3794;  0:16;SC09;MATERIAIS_FB_NORMAL;13750;14370;2464;81.42336;242007005Z33;TAMPO INTERM AE;1026;248;0.254448;140;35.62272;0.42747264;41.42042313;500;0;0;21/12/21;G20070515Z*.1;1011337;;2011000012014;0;0;1026;248;60 %;01072022_095252_G20070515Z.1 - 500_FV_data;DATA_PEÇA;alexandre;01/07/2022;  9:52;Fábrica Vermelha;TAMPO INTERM AEREO G20070
12;2011000012021;AGLOM 12MM (2750x1850);AGLOM 12MM;12;2750;1850;5.0875;10;0.61;1;10;86;100;50.875;11.3794;  0:16;SC09;MATERIAIS_FB_NORMAL;13750;14370;2464;18.5856;242007005Z28;PRATELEIRA MOVE;616;220;0.13552;60;8.1312;0.0975744;9.45457687;1000;0;0;21/12/21;G20070515Z*.2;1011336;;2011000012014;0;0;616;220;*****;01072022_095252_G20070515Z.1 - 500_FV_data;DATA_PEÇA;alexandre;01/07/2022;  9:52;Fábrica Vermelha;PRATELEIRA MOVEL
13;2011000012014;AGLOM 12MM (2750x2200);AGLOM 12MM;12;2750;2200;6.05;10;0.73;1;10;84.12;100;60.5;11.3794;  0:14;SC09;MATERIAIS_FB_NORMAL;8250;22572;0;;;;;;;;;;;;;;;;;;;;;;;;01072022_095252_G20070515Z.1 - 500_FV_data;DATA_LAYOUT;alexandre;01/07/2022;  9:52;Fábrica Vermelha;
13;2011000012014;AGLOM 12MM (2750x2200);AGLOM 12MM;12;2750;2200;6.05;10;0.73;1;10;84.12;100;60.5;11.3794;  0:14;SC09;MATERIAIS_FB_NORMAL;8250;22572;0;99.99921;242007005Z33;TAMPO INTERM AE;1026;248;0.254448;200;50.8896;0.6106752;60.5;500;0;0;21/12/21;G20070515Z*.1;1011337;;2011000012014;0;0;1026;248;*****;01072022_095252_G20070515Z.1 - 500_FV_data;DATA_PEÇA;alexandre;01/07/2022;  9:52;Fábrica Vermelha;TAMPO INTERM AEREO G20070
14;2011000015022;AGLOM 15MM (2750x1850);AGLOM 15MM;15;2750;1850;5.0875;80;6.11;10;8;91.18;100;407;12.7575;  1:24;SC09;MATERIAIS_FB_NORMAL;11000;8424;0;;;;;;;;;;;;;;;;;;;;;;;;01072022_095252_G20070515Z.1 - 500_FV_data;DATA_LAYOUT;alexandre;01/07/2022;  9:52;Fábrica Vermelha;
14;2011000015022;AGLOM 15MM (2750x1850);AGLOM 15MM;15;2750;1850;5.0875;80;6.11;10;8;91.18;100;407;12.7575;  1:24;SC09;MATERIAIS_FB_NORMAL;11000;8424;0;60.23607;242007005Z31;TAMPO BALCAO G2;1050;887;0.93135;240;223.524;3.35286;245.159209922;250;0;0;21/12/21;G20070515Z*.1;1011337;ESQUADRA1Y;2011000015039;0;0;1050;441;96 %;01072022_095252_G20070515Z.1 - 500_FV_data;DATA_PEÇA;alexandre;01/07/2022;  9:52;Fábrica Vermelha;TAMPO BALCAO G20070
14;2011000015022;AGLOM 15MM (2750x1850);AGLOM 15MM;15;2750;1850;5.0875;80;6.11;10;8;91.18;100;407;12.7575;  1:24;SC09;MATERIAIS_FB_NORMAL;11000;8424;0;39.76458;242007005Z24;PORTA AEREO;524;352;0.184448;800;147.5584;2.213376;161.840790078;1000;0;0;21/12/21;G20070515Z*.2;1011336;;2011000015053;0;0;524;352;80 %;01072022_095252_G20070515Z.1 - 500_FV_data;DATA_PEÇA;alexandre;01/07/2022;  9:52;Fábrica Vermelha;PORTA AEREO
15;2011000015022;AGLOM 15MM (2750x1850);AGLOM 15MM;15;2750;1850;5.0875;5;0.38;1;8;85.23;62.5;25.4375;12.7575;  0:08;SC09;MATERIAIS_FB_NORMAL;8250;8052;1614;;;;;;;;;;;;;;;;;;;;;;;;01072022_095252_G20070515Z.1 - 500_FV_data;DATA_LAYOUT;alexandre;01/07/2022;  9:52;Fábrica Vermelha;
15;2011000015022;AGLOM 15MM (2750x1850);AGLOM 15MM;15;2750;1850;5.0875;5;0.38;1;8;85.23;62.5;25.4375;12.7575;  0:08;SC09;MATERIAIS_FB_NORMAL;8250;8052;1614;42.95895;242007005Z31;TAMPO BALCAO G2;1050;887;0.93135;10;9.3135;0.1397025;10.92791939;250;0;0;21/12/21;G20070515Z*.1;1011337;ESQUADRA1Y;2011000015039;0;0;1050;441;*****;01072022_095252_G20070515Z.1 - 500_FV_data;DATA_PEÇA;alexandre;01/07/2022;  9:52;Fábrica Vermelha;TAMPO BALCAO G20070
15;2011000015022;AGLOM 15MM (2750x1850);AGLOM 15MM;15;2750;1850;5.0875;5;0.38;1;8;85.23;62.5;25.4375;12.7575;  0:08;SC09;MATERIAIS_FB_NORMAL;8250;8052;1614;19.50498;242007005Z01;BASE BALCAO G20;1048;807;0.845736;5;4.22868;0.0634302;4.961687246;250;0;0;21/12/21;G20070515Z*.1;1011337;ESQUADRA1Y;2011000015053;0;0;1048;401;2 %;01072022_095252_G20070515Z.1 - 500_FV_data;DATA_PEÇA;alexandre;01/07/2022;  9:52;Fábrica Vermelha;BASE BALCAO G20070
15;2011000015022;AGLOM 15MM (2750x1850);AGLOM 15MM;15;2750;1850;5.0875;5;0.38;1;8;85.23;62.5;25.4375;12.7575;  0:08;SC09;MATERIAIS_FB_NORMAL;8250;8052;1614;37.5339;242007005Z02;BASE COLUNA G20;642;507;0.325494;25;8.13735;0.12206025;9.547893364;250;0;0;21/12/21;G20070515Z*.1;1011337;ESQUADRA1Y;2011000015053;0;0;642;251;10 %;01072022_095252_G20070515Z.1 - 500_FV_data;DATA_PEÇA;alexandre;01/07/2022;  9:52;Fábrica Vermelha;BASE COLUNA G20070
16;2011000015022;AGLOM 15MM (2750x1850);AGLOM 15MM;15;2750;1850;5.0875;45;3.43;6;8;90.36;93.75;228.9375;12.7575;  1:05;SC09;MATERIAIS_FB_NORMAL;11000;8815;1572;;;;;;;;;;;;;;;;;;;;;;;;01072022_095252_G20070515Z.1 - 500_FV_data;DATA_LAYOUT;alexandre;01/07/2022;  9:52;Fábrica Vermelha;
16;2011000015022;AGLOM 15MM (2750x1850);AGLOM 15MM;15;2750;1850;5.0875;45;3.43;6;8;90.36;93.75;228.9375;12.7575;  1:05;SC09;MATERIAIS_FB_NORMAL;11000;8815;1572;36.79602;242007005Z01;BASE BALCAO G20;1048;807;0.845736;90;76.11624;1.1417436;84.238247605;250;0;0;21/12/21;G20070515Z*.1;1011337;ESQUADRA1Y;2011000015053;0;0;1048;401;38 %;01072022_095252_G20070515Z.1 - 500_FV_data;DATA_PEÇA;alexandre;01/07/2022;  9:52;Fábrica Vermelha;BASE BALCAO G20070
16;2011000015022;AGLOM 15MM (2750x1850);AGLOM 15MM;15;2750;1850;5.0875;45;3.43;6;8;90.36;93.75;228.9375;12.7575;  1:05;SC09;MATERIAIS_FB_NORMAL;11000;8815;1572;8.02491;242007005Z24;PORTA AEREO;524;352;0.184448;90;16.60032;0.2490048;18.371662427;1000;0;0;21/12/21;G20070515Z*.2;1011336;;2011000015053;0;0;524;352;89 %;01072022_095252_G20070515Z.1 - 500_FV_data;DATA_PEÇA;alexandre;01/07/2022;  9:52;Fábrica Vermelha;PORTA AEREO
16;2011000015022;AGLOM 15MM (2750x1850);AGLOM 15MM;15;2750;1850;5.0875;45;3.43;6;8;90.36;93.75;228.9375;12.7575;  1:05;SC09;MATERIAIS_FB_NORMAL;11000;8815;1572;35.40373;242007005Z02;BASE COLUNA G20;642;507;0.325494;225;73.23615;1.09854225;81.050836686;250;0;0;21/12/21;G20070515Z*.1;1011337;ESQUADRA1Y;2011000015053;0;0;642;251;*****;01072022_095252_G20070515Z.1 - 500_FV_data;DATA_PEÇA;alexandre;01/07/2022;  9:52;Fábrica Vermelha;BASE COLUNA G20070
16;2011000015022;AGLOM 15MM (2750x1850);AGLOM 15MM;15;2750;1850;5.0875;45;3.43;6;8;90.36;93.75;228.9375;12.7575;  1:05;SC09;MATERIAIS_FB_NORMAL;11000;8815;1572;19.77729;242007005Z26;PORTA BALCAO;347;655;0.227285;180;40.9113;0.6136695;45.276753282;1000;0;0;21/12/21;G20070515Z*.2;1011336;;2011000015053;0;0;347;655;18 %;01072022_095252_G20070515Z.1 - 500_FV_data;DATA_PEÇA;alexandre;01/07/2022;  9:52;Fábrica Vermelha;PORTA BALCAO
17;2011000015022;AGLOM 15MM (2750x1850);AGLOM 15MM;15;2750;1850;5.0875;55;4.2;7;8;89.66;98.21;279.8125;12.7575;  1:20;SC09;MATERIAIS_FB_NORMAL;11000;10550;1572;;;;;;;;;;;;;;;;;;;;;;;;01072022_095252_G20070515Z.1 - 500_FV_data;DATA_LAYOUT;alexandre;01/07/2022;  9:52;Fábrica Vermelha;
17;2011000015022;AGLOM 15MM (2750x1850);AGLOM 15MM;15;2750;1850;5.0875;55;4.2;7;8;89.66;98.21;279.8125;12.7575;  1:20;SC09;MATERIAIS_FB_NORMAL;11000;10550;1572;37.08186;242007005Z01;BASE BALCAO G20;1048;807;0.845736;110;93.03096;1.3954644;103.757633161;250;0;0;21/12/21;G20070515Z*.1;1011337;ESQUADRA1Y;2011000015053;0;0;1048;401;82 %;01072022_095252_G20070515Z.1 - 500_FV_data;DATA_PEÇA;alexandre;01/07/2022;  9:52;Fábrica Vermelha;BASE BALCAO G20070
17;2011000015022;AGLOM 15MM (2750x1850);AGLOM 15MM;15;2750;1850;5.0875;55;4.2;7;8;89.66;98.21;279.8125;12.7575;  1:20;SC09;MATERIAIS_FB_NORMAL;11000;10550;1572;8.08724;242007005Z24;PORTA AEREO;524;352;0.184448;110;20.28928;0.3043392;22.62867836;1000;0;0;21/12/21;G20070515Z*.2;1011336;;2011000015053;0;0;524;352;*****;01072022_095252_G20070515Z.1 - 500_FV_data;DATA_PEÇA;alexandre;01/07/2022;  9:52;Fábrica Vermelha;PORTA AEREO
17;2011000015022;AGLOM 15MM (2750x1850);AGLOM 15MM;15;2750;1850;5.0875;55;4.2;7;8;89.66;98.21;279.8125;12.7575;  1:20;SC09;MATERIAIS_FB_NORMAL;11000;10550;1572;39.86185;242007005Z26;PORTA BALCAO;347;655;0.227285;440;100.0054;1.500081;111.536241347;1000;0;0;21/12/21;G20070515Z*.2;1011336;;2011000015053;0;0;347;655;62 %;01072022_095252_G20070515Z.1 - 500_FV_data;DATA_PEÇA;alexandre;01/07/2022;  9:52;Fábrica Vermelha;PORTA BALCAO
17;2011000015022;AGLOM 15MM (2750x1850);AGLOM 15MM;15;2750;1850;5.0875;55;4.2;7;8;89.66;98.21;279.8125;12.7575;  1:20;SC09;MATERIAIS_FB_NORMAL;11000;10550;1572;14.97101;242007005Z27;PORTA MENOR BAL;347;492;0.170724;220;37.55928;0.5633892;41.889947132;500;0;0;21/12/21;G20070515Z*.2;1011336;;2011000015053;0;0;347;492;44 %;01072022_095252_G20070515Z.1 - 500_FV_data;DATA_PEÇA;alexandre;01/07/2022;  9:52;Fábrica Vermelha;PORTA MENOR BALCAO
18;2011000015022;AGLOM 15MM (2750x1850);AGLOM 15MM;15;2750;1850;5.0875;15;1.14;2;8;85.27;93.75;76.3125;12.7575;  0:12;SC09;MATERIAIS_FB_NORMAL;8250;10465;0;;;;;;;;;;;;;;;;;;;;;;;;01072022_095252_G20070515Z.1 - 500_FV_data;DATA_LAYOUT;alexandre;01/07/2022;  9:52;Fábrica Vermelha;
18;2011000015022;AGLOM 15MM (2750x1850);AGLOM 15MM;15;2750;1850;5.0875;15;1.14;2;8;85.27;93.75;76.3125;12.7575;  0:12;SC09;MATERIAIS_FB_NORMAL;8250;10465;0;58.48797;242007005Z01;BASE BALCAO G20;1048;807;0.845736;45;38.05812;0.5708718;44.630995843;250;0;0;21/12/21;G20070515Z*.1;1011337;ESQUADRA1Y;2011000015053;0;0;1048;401;*****;01072022_095252_G20070515Z.1 - 500_FV_data;DATA_PEÇA;alexandre;01/07/2022;  9:52;Fábrica Vermelha;BASE BALCAO G20070
18;2011000015022;AGLOM 15MM (2750x1850);AGLOM 15MM;15;2750;1850;5.0875;15;1.14;2;8;85.27;93.75;76.3125;12.7575;  0:12;SC09;MATERIAIS_FB_NORMAL;8250;10465;0;41.51793;242007005Z13;FRENTE GAV G200;697;323;0.225131;120;27.01572;0.4052358;31.681504157;250;0;0;21/12/21;G20070515Z*.2;1011336;CORTE1X;2011000015053;0;0;346;323;48 %;01072022_095252_G20070515Z.1 - 500_FV_data;DATA_PEÇA;alexandre;01/07/2022;  9:52;Fábrica Vermelha;FRENTE GAV G20070
19;2011000015039;AGLOM 15MM (2750x2200);AGLOM 15MM;15;2750;2200;6.05;40;3.63;5;8;89.14;100;242;12.7574;  0:55;SC09;MATERIAIS_FB_NORMAL;11000;18786;0;;;;;;;;;;;;;;;;;;;;;;;;01072022_095252_G20070515Z.1 - 500_FV_data;DATA_LAYOUT;alexandre;01/07/2022;  9:52;Fábrica Vermelha;
19;2011000015039;AGLOM 15MM (2750x2200);AGLOM 15MM;15;2750;2200;6.05;40;3.63;5;8;89.14;100;242;12.7574;  0:55;SC09;MATERIAIS_FB_NORMAL;11000;18786;0;77.83784;242007005Z25;PORTA COLUNA;318;825;0.26235;640;167.904;2.51856;188.370431853;2000;0;0;21/12/21;G20070515Z*.2;1011336;;2011000015053;0;0;318;825;32 %;01072022_095252_G20070515Z.1 - 500_FV_data;DATA_PEÇA;alexandre;01/07/2022;  9:52;Fábrica Vermelha;PORTA COLUNA
19;2011000015039;AGLOM 15MM (2750x2200);AGLOM 15MM;15;2750;2200;6.05;40;3.63;5;8;89.14;100;242;12.7574;  0:55;SC09;MATERIAIS_FB_NORMAL;11000;18786;0;22.16064;242007005Z27;PORTA MENOR BAL;347;492;0.170724;280;47.80272;0.7170408;53.629568147;500;0;0;21/12/21;G20070515Z*.2;1011336;;2011000015053;0;0;347;492;*****;01072022_095252_G20070515Z.1 - 500_FV_data;DATA_PEÇA;alexandre;01/07/2022;  9:52;Fábrica Vermelha;PORTA MENOR BALCAO
20;2011000015022;AGLOM 15MM (2750x1850);AGLOM 15MM;15;2750;1850;5.0875;95;7.25;12;8;90.06;98.96;483.3125;12.7575;  2:05;SC09;MATERIAIS_FB_NORMAL;13750;11704;0;;;;;;;;;;;;;;;;;;;;;;;;01072022_095252_G20070515Z.1 - 500_FV_data;DATA_LAYOUT;alexandre;01/07/2022;  9:52;Fábrica Vermelha;
20;2011000015022;AGLOM 15MM (2750x1850);AGLOM 15MM;15;2750;1850;5.0875;95;7.25;12;8;90.06;98.96;483.3125;12.7575;  2:05;SC09;MATERIAIS_FB_NORMAL;13750;11704;0;80.15932;242007005Z25;PORTA COLUNA;318;825;0.26235;1330;348.9255;5.2338825;387.416626928;2000;0;0;21/12/21;G20070515Z*.2;1011336;;2011000015053;0;0;318;825;98.5 %;01072022_095252_G20070515Z.1 - 500_FV_data;DATA_PEÇA;alexandre;01/07/2022;  9:52;Fábrica Vermelha;PORTA COLUNA
20;2011000015022;AGLOM 15MM (2750x1850);AGLOM 15MM;15;2750;1850;5.0875;95;7.25;12;8;90.06;98.96;483.3125;12.7575;  2:05;SC09;MATERIAIS_FB_NORMAL;13750;11704;0;19.84155;242007005Z26;PORTA BALCAO;347;655;0.227285;380;86.3683;1.2955245;95.895873072;1000;0;0;21/12/21;G20070515Z*.2;1011336;;2011000015053;0;0;347;655;*****;01072022_095252_G20070515Z.1 - 500_FV_data;DATA_PEÇA;alexandre;01/07/2022;  9:52;Fábrica Vermelha;PORTA BALCAO
21;2011000015022;AGLOM 15MM (2750x1850);AGLOM 15MM;15;2750;1850;5.0875;8;0.61;1;8;86.27;100;40.7;12.7575;  0:09;SC09;MATERIAIS_FB_NORMAL;11000;13818;0;;;;;;;;;;;;;;;;;;;;;;;;01072022_095252_G20070515Z.1 - 500_FV_data;DATA_LAYOUT;alexandre;01/07/2022;  9:52;Fábrica Vermelha;
21;2011000015022;AGLOM 15MM (2750x1850);AGLOM 15MM;15;2750;1850;5.0875;8;0.61;1;8;86.27;100;40.7;12.7575;  0:09;SC09;MATERIAIS_FB_NORMAL;11000;13818;0;82.07567;242007005Z13;FRENTE GAV G200;697;323;0.225131;128;28.816768;0.43225152;33.401784128;250;0;0;21/12/21;G20070515Z*.2;1011336;CORTE1X;2011000015053;0;0;346;323;99.2 %;01072022_095252_G20070515Z.1 - 500_FV_data;DATA_PEÇA;alexandre;01/07/2022;  9:52;Fábrica Vermelha;FRENTE GAV G20070
21;2011000015022;AGLOM 15MM (2750x1850);AGLOM 15MM;15;2750;1850;5.0875;8;0.61;1;8;86.27;100;40.7;12.7575;  0:09;SC09;MATERIAIS_FB_NORMAL;11000;13818;0;17.93335;242007005Z25;PORTA COLUNA;318;825;0.26235;24;6.2964;0.094446;7.298215872;2000;0;0;21/12/21;G20070515Z*.2;1011336;;2011000015053;0;0;318;825;99.7 %;01072022_095252_G20070515Z.1 - 500_FV_data;DATA_PEÇA;alexandre;01/07/2022;  9:52;Fábrica Vermelha;PORTA COLUNA
22;2011000015022;AGLOM 15MM (2750x1850);AGLOM 15MM;15;2750;1850;5.0875;1;0.08;1;8;39.79;12.5;5.0875;12.7575;  0:06;SC09;MATERIAIS_FB_NORMAL;11000;3513;0;;;;;;;;;;;;;;;;;;;;;;;;01072022_095252_G20070515Z.1 - 500_FV_data;DATA_LAYOUT;alexandre;01/07/2022;  9:52;Fábrica Vermelha;
22;2011000015022;AGLOM 15MM (2750x1850);AGLOM 15MM;15;2750;1850;5.0875;1;0.08;1;8;39.79;12.5;5.0875;12.7575;  0:06;SC09;MATERIAIS_FB_NORMAL;11000;3513;0;77.92574;242007005Z25;PORTA COLUNA;318;825;0.26235;6;1.5741;0.0236115;3.955929695;2000;0;0;21/12/21;G20070515Z*.2;1011336;;2011000015053;0;0;318;825;*****;01072022_095252_G20070515Z.1 - 500_FV_data;DATA_PEÇA;alexandre;01/07/2022;  9:52;Fábrica Vermelha;PORTA COLUNA
22;2011000015022;AGLOM 15MM (2750x1850);AGLOM 15MM;15;2750;1850;5.0875;1;0.08;1;8;39.79;12.5;5.0875;12.7575;  0:06;SC09;MATERIAIS_FB_NORMAL;11000;3513;0;22.2902;242007005Z13;FRENTE GAV G200;697;323;0.225131;2;0.450262;0.00675393;1.131570305;250;0;0;21/12/21;G20070515Z*.2;1011336;CORTE1X;2011000015053;0;0;346;323;*****;01072022_095252_G20070515Z.1 - 500_FV_data;DATA_PEÇA;alexandre;01/07/2022;  9:52;Fábrica Vermelha;FRENTE GAV G20070
22;2011000015022;AGLOM 15MM (2750x1850);AGLOM 15MM;15;2750;1850;5.0875;1;0.08;1;8;39.79;12.5;5.0875;12.7575;  0:06;SC09;MATERIAIS_FB_NORMAL;11000;3513;0;0;;;0;0;0;1;0;0;0;0;0;0;;;;;;0;0;;;;01072022_095252_G20070515Z.1 - 500_FV_data;DATA_PEÇA;alexandre;01/07/2022;  9:52;Fábrica Vermelha;
23;2013000309057;HDF 2,5mm VERMONT DARK (2440x1850);3MM RUSTIC;2.5;2440;1850;4.514;45;0.51;2;24;82.83;93.75;203.13;7.5393;  0:23;SC09;MATERIAIS_FB_NORMAL;7320;19752;0;;;;;;;;;;;;;;;;;;;;;;;;01072022_095252_G20070515Z.1 - 500_FV_data;DATA_LAYOUT;alexandre;01/07/2022;  9:52;Fábrica Vermelha;
23;2013000309057;HDF 2,5mm VERMONT DARK (2440x1850);3MM RUSTIC;2.5;2440;1850;4.514;45;0.51;2;24;82.83;93.75;203.13;7.5393;  0:23;SC09;MATERIAIS_FB_NORMAL;7320;19752;0;61.61889;242007005Z08;COSTA INF AEREO;201;1042;0.209442;495;103.67379;0.259184475;125.163879014;500;0;0;21/12/21;G20070515Z*.1;1011337;;2013000309057;0;0;201;1042;99 %;01072022_095252_G20070515Z.1 - 500_FV_data;DATA_PEÇA;alexandre;01/07/2022;  9:52;Fábrica Vermelha;COSTA INF AEREO
23;2013000309057;HDF 2,5mm VERMONT DARK (2440x1850);3MM RUSTIC;2.5;2440;1850;4.514;45;0.51;2;24;82.83;93.75;203.13;7.5393;  0:23;SC09;MATERIAIS_FB_NORMAL;7320;19752;0;38.38317;242007005Z09;COSTA MENOR AER;216;604;0.130464;495;64.57968;0.1614492;77.966120986;500;0;0;21/12/21;G20070515Z*.1;1011337;;2013000309057;0;0;216;604;99 %;01072022_095252_G20070515Z.1 - 500_FV_data;DATA_PEÇA;alexandre;01/07/2022;  9:52;Fábrica Vermelha;COSTA MENOR AEREO
24;2013000309057;HDF 2,5mm VERMONT DARK (2440x1850);3MM RUSTIC;2.5;2440;1850;4.514;1;0.01;1;24;37.65;4.17;4.514;7.5393;  0:11;SC09;MATERIAIS_FB_NORMAL;12200;2934;2084;;;;;;;;;;;;;;;;;;;;;;;;01072022_095252_G20070515Z.1 - 500_FV_data;DATA_LAYOUT;alexandre;01/07/2022;  9:52;Fábrica Vermelha;
24;2013000309057;HDF 2,5mm VERMONT DARK (2440x1850);3MM RUSTIC;2.5;2440;1850;4.514;1;0.01;1;24;37.65;4.17;4.514;7.5393;  0:11;SC09;MATERIAIS_FB_NORMAL;12200;2934;2084;61.60059;242007005Z08;COSTA INF AEREO;201;1042;0.209442;5;1.04721;0.002618025;2.781419534;500;0;0;21/12/21;G20070515Z*.1;1011337;;2013000309057;0;0;201;1042;*****;01072022_095252_G20070515Z.1 - 500_FV_data;DATA_PEÇA;alexandre;01/07/2022;  9:52;Fábrica Vermelha;COSTA INF AEREO
24;2013000309057;HDF 2,5mm VERMONT DARK (2440x1850);3MM RUSTIC;2.5;2440;1850;4.514;1;0.01;1;24;37.65;4.17;4.514;7.5393;  0:11;SC09;MATERIAIS_FB_NORMAL;12200;2934;2084;38.37176;242007005Z09;COSTA MENOR AER;216;604;0.130464;5;0.65232;0.0016308;1.732580466;500;0;0;21/12/21;G20070515Z*.1;1011337;;2013000309057;0;0;216;604;*****;01072022_095252_G20070515Z.1 - 500_FV_data;DATA_PEÇA;alexandre;01/07/2022;  9:52;Fábrica Vermelha;COSTA MENOR AEREO
24;2013000309057;HDF 2,5mm VERMONT DARK (2440x1850);3MM RUSTIC;2.5;2440;1850;4.514;1;0.01;1;24;37.65;4.17;4.514;7.5393;  0:11;SC09;MATERIAIS_FB_NORMAL;12200;2934;2084;0;;;0;0;0;1;0;0;0;0;0;0;;;;;;0;0;;;;01072022_095252_G20070515Z.1 - 500_FV_data;DATA_PEÇA;alexandre;01/07/2022;  9:52;Fábrica Vermelha;
